{"app":["/app-62f18bff5b315b6e2fbb.js"],"component---src-pages-404-js":["/component---src-pages-404-js-5e49e3f97f875530eedc.js"],"component---src-pages-about-js":["/component---src-pages-about-js-68dc4011c93b6688f857.js"],"component---src-pages-appointment-jsx":["/component---src-pages-appointment-jsx-e4cca6be7b461d4bfac8.js"],"component---src-pages-blog-js":["/component---src-pages-blog-js-4e959c8490250000fd77.js"],"component---src-pages-contact-js":["/component---src-pages-contact-js-0320003521825e758f72.js"],"component---src-pages-index-js":["/component---src-pages-index-js-40471b8a07b5270b0e2a.js"],"component---src-pages-prices-jsx":["/component---src-pages-prices-jsx-12aa5baa2e0cbf2e88f9.js"],"component---src-pages-pricing-jsx":["/component---src-pages-pricing-jsx-decffdc712ca1ddd5df1.js"],"component---src-pages-services-js":["/component---src-pages-services-js-90c8c4e8425abfaebf3d.js"],"component---src-templates-blog-list-template-js":["/component---src-templates-blog-list-template-js-ab3daa76c0282bc9e9c8.js"],"component---src-templates-blog-template-js":["/component---src-templates-blog-template-js-a731c0464e3503e32915.js"],"component---src-templates-services-template-js":["/component---src-templates-services-template-js-0fb9ef8c52ce975afddd.js"]}