{"errors":[],"warnings":["chunk styles [mini-css-extract-plugin]\nConflicting order. Following module has been added:\n * css ./node_modules/css-loader??ref--12-oneOf-0-1!./node_modules/postcss-loader/src??postcss-1!./src/css/blog-card.module.css\ndespite it was not able to fulfill desired ordering with these modules:\n * css ./node_modules/css-loader??ref--12-oneOf-0-1!./node_modules/postcss-loader/src??postcss-1!./src/css/blog.module.css\n   - couldn't fulfill desired order of chunk group(s) component---src-templates-blog-list-template-js\n   - while fulfilling desired order of chunk group(s) component---src-pages-blog-js","chunk styles [mini-css-extract-plugin]\nConflicting order. Following module has been added:\n * css ./node_modules/css-loader??ref--12-oneOf-0-1!./node_modules/postcss-loader/src??postcss-1!./src/css/service.module.css\ndespite it was not able to fulfill desired ordering with these modules:\n * css ./node_modules/css-loader??ref--12-oneOf-0-1!./node_modules/postcss-loader/src??postcss-1!./src/css/items.module.css\n   - couldn't fulfill desired order of chunk group(s) component---src-pages-services-js\n   - while fulfilling desired order of chunk group(s) component---src-pages-index-js"],"namedChunkGroups":{"app":{"chunks":[21,0,20,7],"assets":["webpack-runtime-de6b6f7c5b273efc62cf.js","webpack-runtime-de6b6f7c5b273efc62cf.js.map","styles.dcea4dab8ffccb253d34.css","styles-89fd2ae28bdf06750a71.js","styles-89fd2ae28bdf06750a71.js.map","framework-c2ac104d50cf29153aa3.js","framework-c2ac104d50cf29153aa3.js.map","app-62f18bff5b315b6e2fbb.js","app-62f18bff5b315b6e2fbb.js.map"],"children":{},"childAssets":{}},"component---src-pages-404-js":{"chunks":[0,1,2,8],"assets":["styles.dcea4dab8ffccb253d34.css","styles-89fd2ae28bdf06750a71.js","styles-89fd2ae28bdf06750a71.js.map","1bfc9850-2326d2098812fcf34a20.js","1bfc9850-2326d2098812fcf34a20.js.map","commons-09cddd1c664d3599537d.js","commons-09cddd1c664d3599537d.js.map","component---src-pages-404-js-5e49e3f97f875530eedc.js","component---src-pages-404-js-5e49e3f97f875530eedc.js.map"],"children":{},"childAssets":{}},"component---src-pages-about-js":{"chunks":[0,1,2,3,4,6,9],"assets":["styles.dcea4dab8ffccb253d34.css","styles-89fd2ae28bdf06750a71.js","styles-89fd2ae28bdf06750a71.js.map","1bfc9850-2326d2098812fcf34a20.js","1bfc9850-2326d2098812fcf34a20.js.map","commons-09cddd1c664d3599537d.js","commons-09cddd1c664d3599537d.js.map","e210d2c1ff4887a7479323a92c8d5909d16f3148-0d09d522cbb1ff561f43.js","e210d2c1ff4887a7479323a92c8d5909d16f3148-0d09d522cbb1ff561f43.js.map","3bfb4f6adb67121378dc058acc5bc922fdf08e39-b2ec5d7af337940a4ff7.js","3bfb4f6adb67121378dc058acc5bc922fdf08e39-b2ec5d7af337940a4ff7.js.map","d4ad233efeb1d959420253442063e6db7488fdeb-fb986b850169b2e932b0.js","d4ad233efeb1d959420253442063e6db7488fdeb-fb986b850169b2e932b0.js.map","component---src-pages-about-js-68dc4011c93b6688f857.js","component---src-pages-about-js-68dc4011c93b6688f857.js.map"],"children":{},"childAssets":{}},"component---src-pages-appointment-jsx":{"chunks":[0,1,2,10],"assets":["styles.dcea4dab8ffccb253d34.css","styles-89fd2ae28bdf06750a71.js","styles-89fd2ae28bdf06750a71.js.map","1bfc9850-2326d2098812fcf34a20.js","1bfc9850-2326d2098812fcf34a20.js.map","commons-09cddd1c664d3599537d.js","commons-09cddd1c664d3599537d.js.map","component---src-pages-appointment-jsx-e4cca6be7b461d4bfac8.js","component---src-pages-appointment-jsx-e4cca6be7b461d4bfac8.js.map"],"children":{},"childAssets":{}},"component---src-pages-blog-js":{"chunks":[0,1,2,3,4,5,11],"assets":["styles.dcea4dab8ffccb253d34.css","styles-89fd2ae28bdf06750a71.js","styles-89fd2ae28bdf06750a71.js.map","1bfc9850-2326d2098812fcf34a20.js","1bfc9850-2326d2098812fcf34a20.js.map","commons-09cddd1c664d3599537d.js","commons-09cddd1c664d3599537d.js.map","e210d2c1ff4887a7479323a92c8d5909d16f3148-0d09d522cbb1ff561f43.js","e210d2c1ff4887a7479323a92c8d5909d16f3148-0d09d522cbb1ff561f43.js.map","3bfb4f6adb67121378dc058acc5bc922fdf08e39-b2ec5d7af337940a4ff7.js","3bfb4f6adb67121378dc058acc5bc922fdf08e39-b2ec5d7af337940a4ff7.js.map","f368f6895a4d2b9c5b35ef4e6bb20677042c2e17-0474a455d2fe876ed581.js","f368f6895a4d2b9c5b35ef4e6bb20677042c2e17-0474a455d2fe876ed581.js.map","component---src-pages-blog-js-4e959c8490250000fd77.js","component---src-pages-blog-js-4e959c8490250000fd77.js.map"],"children":{},"childAssets":{}},"component---src-pages-contact-js":{"chunks":[0,1,2,3,4,12],"assets":["styles.dcea4dab8ffccb253d34.css","styles-89fd2ae28bdf06750a71.js","styles-89fd2ae28bdf06750a71.js.map","1bfc9850-2326d2098812fcf34a20.js","1bfc9850-2326d2098812fcf34a20.js.map","commons-09cddd1c664d3599537d.js","commons-09cddd1c664d3599537d.js.map","e210d2c1ff4887a7479323a92c8d5909d16f3148-0d09d522cbb1ff561f43.js","e210d2c1ff4887a7479323a92c8d5909d16f3148-0d09d522cbb1ff561f43.js.map","3bfb4f6adb67121378dc058acc5bc922fdf08e39-b2ec5d7af337940a4ff7.js","3bfb4f6adb67121378dc058acc5bc922fdf08e39-b2ec5d7af337940a4ff7.js.map","component---src-pages-contact-js-0320003521825e758f72.js","component---src-pages-contact-js-0320003521825e758f72.js.map"],"children":{},"childAssets":{}},"component---src-pages-index-js":{"chunks":[0,1,2,3,4,5,6,13],"assets":["styles.dcea4dab8ffccb253d34.css","styles-89fd2ae28bdf06750a71.js","styles-89fd2ae28bdf06750a71.js.map","1bfc9850-2326d2098812fcf34a20.js","1bfc9850-2326d2098812fcf34a20.js.map","commons-09cddd1c664d3599537d.js","commons-09cddd1c664d3599537d.js.map","e210d2c1ff4887a7479323a92c8d5909d16f3148-0d09d522cbb1ff561f43.js","e210d2c1ff4887a7479323a92c8d5909d16f3148-0d09d522cbb1ff561f43.js.map","3bfb4f6adb67121378dc058acc5bc922fdf08e39-b2ec5d7af337940a4ff7.js","3bfb4f6adb67121378dc058acc5bc922fdf08e39-b2ec5d7af337940a4ff7.js.map","f368f6895a4d2b9c5b35ef4e6bb20677042c2e17-0474a455d2fe876ed581.js","f368f6895a4d2b9c5b35ef4e6bb20677042c2e17-0474a455d2fe876ed581.js.map","d4ad233efeb1d959420253442063e6db7488fdeb-fb986b850169b2e932b0.js","d4ad233efeb1d959420253442063e6db7488fdeb-fb986b850169b2e932b0.js.map","component---src-pages-index-js-40471b8a07b5270b0e2a.js","component---src-pages-index-js-40471b8a07b5270b0e2a.js.map"],"children":{},"childAssets":{}},"component---src-pages-prices-jsx":{"chunks":[0,1,2,14],"assets":["styles.dcea4dab8ffccb253d34.css","styles-89fd2ae28bdf06750a71.js","styles-89fd2ae28bdf06750a71.js.map","1bfc9850-2326d2098812fcf34a20.js","1bfc9850-2326d2098812fcf34a20.js.map","commons-09cddd1c664d3599537d.js","commons-09cddd1c664d3599537d.js.map","component---src-pages-prices-jsx-12aa5baa2e0cbf2e88f9.js","component---src-pages-prices-jsx-12aa5baa2e0cbf2e88f9.js.map"],"children":{},"childAssets":{}},"component---src-pages-pricing-jsx":{"chunks":[0,1,2,15],"assets":["styles.dcea4dab8ffccb253d34.css","styles-89fd2ae28bdf06750a71.js","styles-89fd2ae28bdf06750a71.js.map","1bfc9850-2326d2098812fcf34a20.js","1bfc9850-2326d2098812fcf34a20.js.map","commons-09cddd1c664d3599537d.js","commons-09cddd1c664d3599537d.js.map","component---src-pages-pricing-jsx-decffdc712ca1ddd5df1.js","component---src-pages-pricing-jsx-decffdc712ca1ddd5df1.js.map"],"children":{},"childAssets":{}},"component---src-pages-services-js":{"chunks":[0,1,2,3,4,5,16],"assets":["styles.dcea4dab8ffccb253d34.css","styles-89fd2ae28bdf06750a71.js","styles-89fd2ae28bdf06750a71.js.map","1bfc9850-2326d2098812fcf34a20.js","1bfc9850-2326d2098812fcf34a20.js.map","commons-09cddd1c664d3599537d.js","commons-09cddd1c664d3599537d.js.map","e210d2c1ff4887a7479323a92c8d5909d16f3148-0d09d522cbb1ff561f43.js","e210d2c1ff4887a7479323a92c8d5909d16f3148-0d09d522cbb1ff561f43.js.map","3bfb4f6adb67121378dc058acc5bc922fdf08e39-b2ec5d7af337940a4ff7.js","3bfb4f6adb67121378dc058acc5bc922fdf08e39-b2ec5d7af337940a4ff7.js.map","f368f6895a4d2b9c5b35ef4e6bb20677042c2e17-0474a455d2fe876ed581.js","f368f6895a4d2b9c5b35ef4e6bb20677042c2e17-0474a455d2fe876ed581.js.map","component---src-pages-services-js-90c8c4e8425abfaebf3d.js","component---src-pages-services-js-90c8c4e8425abfaebf3d.js.map"],"children":{},"childAssets":{}},"component---src-templates-blog-list-template-js":{"chunks":[0,1,2,3,5,17],"assets":["styles.dcea4dab8ffccb253d34.css","styles-89fd2ae28bdf06750a71.js","styles-89fd2ae28bdf06750a71.js.map","1bfc9850-2326d2098812fcf34a20.js","1bfc9850-2326d2098812fcf34a20.js.map","commons-09cddd1c664d3599537d.js","commons-09cddd1c664d3599537d.js.map","e210d2c1ff4887a7479323a92c8d5909d16f3148-0d09d522cbb1ff561f43.js","e210d2c1ff4887a7479323a92c8d5909d16f3148-0d09d522cbb1ff561f43.js.map","f368f6895a4d2b9c5b35ef4e6bb20677042c2e17-0474a455d2fe876ed581.js","f368f6895a4d2b9c5b35ef4e6bb20677042c2e17-0474a455d2fe876ed581.js.map","component---src-templates-blog-list-template-js-ab3daa76c0282bc9e9c8.js","component---src-templates-blog-list-template-js-ab3daa76c0282bc9e9c8.js.map"],"children":{},"childAssets":{}},"component---src-templates-blog-template-js":{"chunks":[0,1,2,3,4,18],"assets":["styles.dcea4dab8ffccb253d34.css","styles-89fd2ae28bdf06750a71.js","styles-89fd2ae28bdf06750a71.js.map","1bfc9850-2326d2098812fcf34a20.js","1bfc9850-2326d2098812fcf34a20.js.map","commons-09cddd1c664d3599537d.js","commons-09cddd1c664d3599537d.js.map","e210d2c1ff4887a7479323a92c8d5909d16f3148-0d09d522cbb1ff561f43.js","e210d2c1ff4887a7479323a92c8d5909d16f3148-0d09d522cbb1ff561f43.js.map","3bfb4f6adb67121378dc058acc5bc922fdf08e39-b2ec5d7af337940a4ff7.js","3bfb4f6adb67121378dc058acc5bc922fdf08e39-b2ec5d7af337940a4ff7.js.map","component---src-templates-blog-template-js-a731c0464e3503e32915.js","component---src-templates-blog-template-js-a731c0464e3503e32915.js.map"],"children":{},"childAssets":{}},"component---src-templates-services-template-js":{"chunks":[0,1,2,3,4,5,19],"assets":["styles.dcea4dab8ffccb253d34.css","styles-89fd2ae28bdf06750a71.js","styles-89fd2ae28bdf06750a71.js.map","1bfc9850-2326d2098812fcf34a20.js","1bfc9850-2326d2098812fcf34a20.js.map","commons-09cddd1c664d3599537d.js","commons-09cddd1c664d3599537d.js.map","e210d2c1ff4887a7479323a92c8d5909d16f3148-0d09d522cbb1ff561f43.js","e210d2c1ff4887a7479323a92c8d5909d16f3148-0d09d522cbb1ff561f43.js.map","3bfb4f6adb67121378dc058acc5bc922fdf08e39-b2ec5d7af337940a4ff7.js","3bfb4f6adb67121378dc058acc5bc922fdf08e39-b2ec5d7af337940a4ff7.js.map","f368f6895a4d2b9c5b35ef4e6bb20677042c2e17-0474a455d2fe876ed581.js","f368f6895a4d2b9c5b35ef4e6bb20677042c2e17-0474a455d2fe876ed581.js.map","component---src-templates-services-template-js-0fb9ef8c52ce975afddd.js","component---src-templates-services-template-js-0fb9ef8c52ce975afddd.js.map"],"children":{},"childAssets":{}}},"assetsByChunkName":{"app":["webpack-runtime-de6b6f7c5b273efc62cf.js","styles.dcea4dab8ffccb253d34.css","styles-89fd2ae28bdf06750a71.js","framework-c2ac104d50cf29153aa3.js","app-62f18bff5b315b6e2fbb.js"],"component---src-pages-404-js":["styles.dcea4dab8ffccb253d34.css","styles-89fd2ae28bdf06750a71.js","1bfc9850-2326d2098812fcf34a20.js","commons-09cddd1c664d3599537d.js","component---src-pages-404-js-5e49e3f97f875530eedc.js"],"component---src-pages-about-js":["styles.dcea4dab8ffccb253d34.css","styles-89fd2ae28bdf06750a71.js","1bfc9850-2326d2098812fcf34a20.js","commons-09cddd1c664d3599537d.js","e210d2c1ff4887a7479323a92c8d5909d16f3148-0d09d522cbb1ff561f43.js","3bfb4f6adb67121378dc058acc5bc922fdf08e39-b2ec5d7af337940a4ff7.js","d4ad233efeb1d959420253442063e6db7488fdeb-fb986b850169b2e932b0.js","component---src-pages-about-js-68dc4011c93b6688f857.js"],"component---src-pages-appointment-jsx":["styles.dcea4dab8ffccb253d34.css","styles-89fd2ae28bdf06750a71.js","1bfc9850-2326d2098812fcf34a20.js","commons-09cddd1c664d3599537d.js","component---src-pages-appointment-jsx-e4cca6be7b461d4bfac8.js"],"component---src-pages-blog-js":["styles.dcea4dab8ffccb253d34.css","styles-89fd2ae28bdf06750a71.js","1bfc9850-2326d2098812fcf34a20.js","commons-09cddd1c664d3599537d.js","e210d2c1ff4887a7479323a92c8d5909d16f3148-0d09d522cbb1ff561f43.js","3bfb4f6adb67121378dc058acc5bc922fdf08e39-b2ec5d7af337940a4ff7.js","f368f6895a4d2b9c5b35ef4e6bb20677042c2e17-0474a455d2fe876ed581.js","component---src-pages-blog-js-4e959c8490250000fd77.js"],"component---src-pages-contact-js":["styles.dcea4dab8ffccb253d34.css","styles-89fd2ae28bdf06750a71.js","1bfc9850-2326d2098812fcf34a20.js","commons-09cddd1c664d3599537d.js","e210d2c1ff4887a7479323a92c8d5909d16f3148-0d09d522cbb1ff561f43.js","3bfb4f6adb67121378dc058acc5bc922fdf08e39-b2ec5d7af337940a4ff7.js","component---src-pages-contact-js-0320003521825e758f72.js"],"component---src-pages-index-js":["styles.dcea4dab8ffccb253d34.css","styles-89fd2ae28bdf06750a71.js","1bfc9850-2326d2098812fcf34a20.js","commons-09cddd1c664d3599537d.js","e210d2c1ff4887a7479323a92c8d5909d16f3148-0d09d522cbb1ff561f43.js","3bfb4f6adb67121378dc058acc5bc922fdf08e39-b2ec5d7af337940a4ff7.js","f368f6895a4d2b9c5b35ef4e6bb20677042c2e17-0474a455d2fe876ed581.js","d4ad233efeb1d959420253442063e6db7488fdeb-fb986b850169b2e932b0.js","component---src-pages-index-js-40471b8a07b5270b0e2a.js"],"component---src-pages-prices-jsx":["styles.dcea4dab8ffccb253d34.css","styles-89fd2ae28bdf06750a71.js","1bfc9850-2326d2098812fcf34a20.js","commons-09cddd1c664d3599537d.js","component---src-pages-prices-jsx-12aa5baa2e0cbf2e88f9.js"],"component---src-pages-pricing-jsx":["styles.dcea4dab8ffccb253d34.css","styles-89fd2ae28bdf06750a71.js","1bfc9850-2326d2098812fcf34a20.js","commons-09cddd1c664d3599537d.js","component---src-pages-pricing-jsx-decffdc712ca1ddd5df1.js"],"component---src-pages-services-js":["styles.dcea4dab8ffccb253d34.css","styles-89fd2ae28bdf06750a71.js","1bfc9850-2326d2098812fcf34a20.js","commons-09cddd1c664d3599537d.js","e210d2c1ff4887a7479323a92c8d5909d16f3148-0d09d522cbb1ff561f43.js","3bfb4f6adb67121378dc058acc5bc922fdf08e39-b2ec5d7af337940a4ff7.js","f368f6895a4d2b9c5b35ef4e6bb20677042c2e17-0474a455d2fe876ed581.js","component---src-pages-services-js-90c8c4e8425abfaebf3d.js"],"component---src-templates-blog-list-template-js":["styles.dcea4dab8ffccb253d34.css","styles-89fd2ae28bdf06750a71.js","1bfc9850-2326d2098812fcf34a20.js","commons-09cddd1c664d3599537d.js","e210d2c1ff4887a7479323a92c8d5909d16f3148-0d09d522cbb1ff561f43.js","f368f6895a4d2b9c5b35ef4e6bb20677042c2e17-0474a455d2fe876ed581.js","component---src-templates-blog-list-template-js-ab3daa76c0282bc9e9c8.js"],"component---src-templates-blog-template-js":["styles.dcea4dab8ffccb253d34.css","styles-89fd2ae28bdf06750a71.js","1bfc9850-2326d2098812fcf34a20.js","commons-09cddd1c664d3599537d.js","e210d2c1ff4887a7479323a92c8d5909d16f3148-0d09d522cbb1ff561f43.js","3bfb4f6adb67121378dc058acc5bc922fdf08e39-b2ec5d7af337940a4ff7.js","component---src-templates-blog-template-js-a731c0464e3503e32915.js"],"component---src-templates-services-template-js":["styles.dcea4dab8ffccb253d34.css","styles-89fd2ae28bdf06750a71.js","1bfc9850-2326d2098812fcf34a20.js","commons-09cddd1c664d3599537d.js","e210d2c1ff4887a7479323a92c8d5909d16f3148-0d09d522cbb1ff561f43.js","3bfb4f6adb67121378dc058acc5bc922fdf08e39-b2ec5d7af337940a4ff7.js","f368f6895a4d2b9c5b35ef4e6bb20677042c2e17-0474a455d2fe876ed581.js","component---src-templates-services-template-js-0fb9ef8c52ce975afddd.js"]}}